ABDUL RAHMAN AMPILI,,
ADIGOPULA TEERDHA HARIKA,7097801548,teerdhah@yahoo.com
ALADASU JAGADEESH CHANDRA PRASAD,9703556407,jagadeesh6809@gmail.com
ALAMURI DHANALAKSHMI SOWMYA,9491133171,sowmyaalamuri@gmail.com
ALLURI RUPA SRI,7382116677,rupaalluri20@gmail.com
AMBATI TEJASWINI,8333089265,ambatitejaswini3@gmail.com
AMMIREDDY PADMINI,7075975602,ammireddypaddu27@gmail.com
ANCHE KRISHNA VAMSI,9248804858,vamsianche@gmail.com
ANILA KOSARAJU,9885185591,ani10.99kosaraju@gmail.com
ANNAM RAMA SUBBA RAO,9959065232,aramasubbarao1999@gmail.com
ARDALA ARUNA,9866219806,vyshnavi214@gmail.com
ARE SAI PRASANNA LAKSHMI,7702178468,aresaiprasanna1@gmail.com
AVISAKULA JYOTHIRMAYEE,9703349507,shinyavisakula@gmail.com
AVULA MANIKANTA GOPI,7032995460,naidumanikantagopi@gmail.com
BANAVATH SHALINI,9573250650,bshaalini14@gmail.com
BANDARUPALLI SAIKIRAN,7799311237,saikiran5453@gmail.com
BATHINENI PUJITHA,8919901594,bpujitha1999@gmail.com
BATHULA KUSUMA KUMARI,9573458147,kusumabathula25@gmail.com
BATTULA ANUSHA,9550022559,brambabuearthmoves@gmail.com
BATTULA SRI SASIKANTH,,
BELLAMKONDA NISHMA SWARAJ,9848629198,b.nishma198@gmail.com
BHIMAVARAPU SHANMUKA REDDY,9030336153,shanmikhareddy567@gmail.com
BHUKYA GOPIKRISHNA,7337286366,bhukyagopi66@gmail.com
BITRA HARISH BABU,9247974727,bitraharishbabu@gmail.com
BOBBURI ROJARAMYASRI,7893082864,rojaramyasri.bobburi@gmail.com
BOBBURI TARALATHASRI,9849799048,taralathasreebobburi@gmail.com
BODA JAYA DURGESH,9246474050,jayadurgesh.boda.9@gmail.com
BOLLA RAMYA SRI,9441820142,ramyasribolla16@gmail.com
BONDALAPATI SIREESHA,9849974655,sireebondalapati@gmail.com
BOOSA SWAPNIKA,9491044517,swapnikaboosa@gmail.com
BRUNDAVANAM VIJAY SRI RAM,8341700957,b.vijaysriram7@gmail.com
BYRAPANENI NIHARIKA,7702854574,niharikachodary76@gmail.com
CHANDU TEJASWI,9505587385,tejaswichandu1@gmail.com
CHEBROLU SAI PRATYUSHA,9246456089,ch.pratyusha1999@gmail.com
CHEEMAKURTHI SAI SASANK,9182834666,pandu.sasank@gmail.com
CHEGU SESHA SAI KUMAR,7416280515,seshasai8121@gmail.com
CHIDARA NAVEENA,8886595407,naveenachidara@gmail.com
CHILUVURI DILEEP KUMAR,9966593423,chiluvuridileep@gmail.com
CHINKA PRASANNA SAI LAKSHMI,9059533816,chimka.prasanna14@gmail.com
CHINTHAKRINDI DHEERAJ,9291656738,chdheeraj111@gmail.com
DAGGUMALLI SUSMITHA,9553200422,susmithadaggumalli2034@gmail.com
DAKURI VIJAY SAGARU,8121259582,vijaysagardakuri22@gmail.com
DAMMATI VIDYA SRI,9492711138,vidyasrid15@gmail.com
DANDE SINDHU SIRISHA,,
DARA VANYA PRIYA,9912874878,
DASARI KEERTHI,9441763640,vahinikp@gmail.com
DASARI LIKHITHA,9985525246,dasarikeertana2017@gmail.com
DASI JERUSHA,8106360509,jerushasalomi@gmail.com
DEVARAPALLI VENKATA NAGA SAI LAKSHMIANJANI,8886191841,anjanianju1234@gmail.com
DOKKU NAVEEN KUMAR,8500650284,naveendokku009@gmail.com
EDAPALAPATI NAGA UMA MAHESWARA  SAI,,
EMANI PRIYANKA,9491959024,priyaemani99@gmail.com
EMANI SAI SUDHA,9494967125,daisudhaemani@gmail.com
ERLA SUNITHA RANI,9948984935,sunithachinnu28@gmail.com
FAUZIA TABASSUM,9885380849,faziatabassum66@gmail.com
G V SIVA SAI SUMANTH ANANTHA,7799630832,gopivenkata200@gmail.com
GADIDAMALLA NARENDRA KUMAR,9849916911,narengadidamalla1436@gmail.com
ANNAVARAPU GIRIDHAR KUMAR,9052583093,a.giridharkumar@gmail.com
BACHINABOINA VASAVI RANI,7396360414,vasavirani002@gmail.com
DONTALA PRAVEENKUMAR,8247422191,praveenkumardantala@gmail.com
GANJI GOWTHAMI,8499051371,ganjigowthami7@gmail.com
KANDUKURI SRINIVAS,8978792330,srinivaskandukuri147@gmail.com
PEMMA MYNA,9398789248,pemmamyna15014@gmail.com
GANGISETTY ROHITH ROY,9391340516,rohithroy99@gmail.com
GANJIKUNTA BINDHU BHARGAVI,9492819441,bindhubhargavi43@gmail.com
GARLAPATI SRAVANI,9963404404,garlapatisravani99@gmail.com
GARNEPUDI ARUNA,9298758674,arunagvs2000@gmail.com
GAYATRI SRIHARIKA MATURU,9014451349,gayatrimaturu@gmail.com
GINJUPALLI SURESH JOHN WESLY CHOWDARY,7981155428,sureshjohnwesly8055@gmail.com
GOGINENI MANVITHA BHAVANI,9959128172,haikabhavanigogineni@gmail.com
GONDHI AJAY KUMAR,7330941561,ajaygondhi111@gmail.com
GONDI WILLY EBENEZER,8374677371,willyebenezer10@gmail.com
GONUGUNTLA NAGA BALA MOUNIKA,9440039313,shivashankar33999@gmail.com
GOTTIPATI PRAVALLIKA,9052681258,pravallikagottipati@gmail.com
GRANDHI SAI LAKSHMI SUPRIYA,8142424273,jaswanthgrandhi234@gmail.com
GUDIBANDI ANITHA REDDY,9182043445,anithareddy2000@gmail.com
GUDIPUDI RAJESH,9963107019,gudipudirajesh4@gmail.com
GUDURU PRABATH SAI,9063618707,gprabathsai@gmail.com
GUGGILAM SRI HASA,9247474849,srihasaguggilam@gmail.com
GUGLOTH NAGA MANI,9703245473,g.nagamani.gun@gmail.com
GULLAPALLI MUGDHUM MOHIDDEEN,8499949402,mohiddeengullapalli786@gmail.com
GUNDA GNANA PRASANNA,9121353039,gnanaprasanna521333@gmail.com
GUNTUPALLI CHANDRA KIRAN,9849359255,gchkiran@gmail.com
GUNTUPALLI SWETHA,9848611284,sweetyswetha209@gmail.com
GURRAM LEELA BHAVANI,9959147833,leelabhavani353@gmail.com
GURRAM VIVEK,9440804903,vivek.gurram2k@gmail.com
GUTHIKONDA NIHARIKA,8019978885,niharikahani999@gmail.com
HARIKA BALE,9395548257,baleharika.2017@gmail.com
JAMI YOTESH,8008063560,yoteshjami@gmail.com
JAMMULA SAI PRAKASH,7013828193,jammulasaiprakash@gmail.com
JANJANAM SYAM KOTESWAR,8096885559,syamkoteswar22@gmail.com
JEKKY SAIKUMAR,9618981987,saikumarjakki17@gmail.com
JONNALA SRIKANTH REDDY,9491307170,srikanthreddykoti123@gmail.com
K TIRUPATAMMA,,tiruk1999@gmail.com
KAMBHAMPATI SAHITHI,9963169187,sahithikambhampati9@gmail.com
KAMINENI HIMA VARSHA,9848466555,himakamineni20@gmail.com
KANCHARLA MRUNALINI,,
KARANKI YESWANTH,9550284611,yeswanth.karanki111@gmail.com
KARISHMA MUSUNURI,8008006622,rinkikarishma@gmail.com
KASUKURTHI JOHNSTON,8096452118,johnnyjohnston02@gmail.com
KASUKURTHI VEENA SPANDANA,8466866543,kveenaspandana@gmail.com
KATAKAM VENKATA SAI SAHITYA,9966044216,kvssahithya99@gmail.com
KATRAGADDA KRISHNA KARTHIKA,8978804926,
KAVITI RAJESH,9949527696,rajeshyadav123@gmail.com
KODURU PRAMEELA BHARGAVI,9492010635,koduruprameelabhargavi@gmail.com
KOGANTI JAHNAVI,7993616036,kjahnavi0824@gmail.com
KOGANTI PRAPULLA CHANDRA,9966346051,prapulla.koganti@gmail.com
KOLLA PRUDHVI KRISHNA,9177476426,kollaprudhvikrishna@gmail.com
KOLLI SURENDRA,9052595388,surendrakolli4@gmail.com
KOMATI SAI HARSHITHA,,
KOMATINENI ANUSHA,9177506299,hanumantharaokomatineni99@gmail.com
KONDA BHAVYA CHOUDARY,9966047155,saradakonda1@gmail.com
KONDA MOHAN REDDY,8985874289,mohanmb08@gmail.com
KONDAPALLI NAVEEN KUMAR,9100593685,kondapallinaveenkumar4@gmail.com
KONDAPANENI LAKSHMI PRANEETHA,9394355505,lakshmipraneethakkr@gmail.com
KONDAVEETI TEJASWI,7032820653,tejaswikandaveeti99@gmail.com
KONDURI HARSHA NANDINI,9177099522,kondurinandini26@gmail.com
KONJETI V N A H GEETHIKA,9959013946,geethikakonjeti0@gmail.com
KONJETI V S N L M VYSHNAVI,9959013946,vyshanavikonjeti99@gmail.com
KOSARAJU DHARANI,9177011173,dharanikosaraju05@gmail.com
KOTA NAGA SWAROOP,9989837780,nagaswaroopkota@gmail.com
KRISHNA VIVEK KOLASANI,,
ARE CHAKRADHAR,9490731270,arechakradhar@gmail.com
KUNAPAREDDY NAVYAKALA,9014781899,kunapareddynavyakala123@gmail.com
LINGINENI DEVIKA,9618788958,devikalingineni@gmail.com
PULIVARTHI JACK,7075763335,pulivarthijack34@gmail.com
VELIVELA NAGA PRAVALLIKA,8247747360,pravallikavelivela@gmail.com
POLA PAVAN KUMAR,9133262930,kolapavankumar97@gmail.com
KUCHIPUDI RESHMA,9177315201,reshmakuchipudi20@gmail.com
KURAPATI PRATHYUSHA,,
KURMALA HARI SRI SAVITHA,,kharisrisavitha@gmail.com
LANKA MOUNICA,9440124666,lankamounica@hotmail.com
LATHAVADLA SANDHYA RANI,9703372294,sandhya.lethavadla@gmail.com
MADALA VENKATA SAI,9052829578,mvsmadala675@gmail.com
MADDALA PAUL JOHN,8686936220,maddalapauljohn@gmail.com
MADDALI BADARI NARAYANA,8143094947,badri.maddali@gmail.com
MADDINENI NAGA SAI,,
MALEMPATI VINAYA,7893834362,vinnimalempati14@gmail.com
MALINENI AAMANI,9603290875,aamanimalineni110@gmail.com
MANCHINENI KIRAN,8008159184,kiranmanchineni@gmail.com
MANDADAPU DEEPTHI,,
MANDAGIRI VATSALYA,9966114794,gnanmandagiri@gmail.com
MANDUVA HARIKA,8886414644,harikahoney@gmail.com
MANNAM PRATHIMA,9666448997,dhanalakshmivdo@gmail.com
MANNAVA GEETHA KRISHNA,8106868419,mnvgk619@gmail.com
MATTUPALLI NAGA HARITHA RAGHAVI,8897898594,haritharaghavi05032001@gmail.com
MAVURI USHA SRI,,
MEDURI SAI RAHUL,,sairahul1503@gmail.com
MENTHULA RAVI KUMAR,7032558422,ravimenthula568@gmail.com
MOHAMMAD ARSHIA,7036640219,arshiamd.777@gmail.com
MOHAMMAD KHAJA BABU,9966117427,
MOKHARALA BHARGAVI,8008474649,bhargavi.mokharala@gmail.com
MOTUPALLI SAI KRISHNA,7702359485,saikrishna31999@gmail.com
MUDRABOINA TRIVENI,7093382520,trivenimudraboina@gmail.com
MUKKALA ABHINAYA RANI,9490466987,abhinayarani225@gmail.com
MUNAGAPATI ANIL SHUKLA,9491746985,anilshukla01121999@gmail.com
MUPPALLA VENUSRI,9346745376,venusri.muppalla@gmail.com
MUPPERA TEJA SRI,8897759162,tejasrimuppera@gmail.com
NADAKUDITI NANDINI,8247344339,nandininadakuditi123@gmail.com
NAKIRIKANTI NIKHITA,9581627256,nikhita.nakirikant@gmail.com
NAGAM SAI TEJA,,nagamsaiteja5127@gmail.com
NANDIPATI VENKATA NAGESWAR REDDY,,nandipatinageswarreddy@gmail.com
NARAPA HIMA  BINDU,7288847277,n.himabindu@gmail.com
NARRA RAKESH,8374286190,narrarakesh4@gmail.com
NEMALIKONDA LALITHA SIVA JYOTHI,8639616374,lalithasivajyothi011@gmail.com
NIMMARAJU SRI LALITHA SARASWATHI,8985672860,srilu9991@gmail.com
NUKAVARAPU PAVAN KUMAR,,pavankumar.nukavarapu.99@gmail.com
NUKAVARAPU TEENU ANAND,7842399953,teenuanand913@gmail.com
PADAVALA RACHANA,9397347075,rachana.lucky12@gmail.com
PAGADALA SAINADTH,,sainadth1123434@gmail.com
PALLEKONDA SATYASIPPORAH,8790227693,satya.pallekonda@gmail.com
PANIDARAPU TRI NAGA BINDU,9182652700,bindu.panidarapu@gmail.com
PARA SAI RAM,9491124425,sairampara6@gmail.com
PARUCHURI BHANU CHANDRA SEKHAR GUPTHA,,chandrasekhar2961999@gmail.com
PATIBANDA SAI KOUSHIK,8096276181,patibandakoushik00.sk@gmail.com
PATIBANDLA MONIKA,9346555789,monikapatibandla@gmail.com
PATIBANDLA SAI SIRISHA,8008956318,saisirisha9999@gmail.com
PATNALA TIRUPATHIRAO,7036203320,tirupathiraopatnala@gmail.com
PAVAN KALYAN GATTINENI,,
PEAPALLA AMARNADH,7661855873,amarnadh1709@gmail.com
PEDAMALLU SANJAY,8985350891,sanjaypedamallu100@gmail.com
PEDASINGU BABJI,7997418018,babjipedasingu@gmail.com
PENAGAMURI SRIVALLI SREYA,,pyb.rajendra.kumar@gmail.com
PERAM GOPI REDDY,9948138158,gopi995962@gmail.com
PINNELLI RAJA SHEKAR REDDY,9959947941,pinnellirajashekarreddy007@gmail.com
PYLA VARA SAI HARSH,7989173694,harshapyla6341@gmail.com
VOLETI ANANTH KUMAR,8686287871,voletiananthkumar@gmail.com
POGULA SAI LAKSHMI PRASANNA GREESHMA,9398343011,vasanthpogula@gmail.com
PONDURI AVINASH,9121929621,ponduriavinash@gmail.com
PONUGUPATI BALA PHANI BHARGAVI,7013541609,sunnyponugupati@gmail.com
POTHAMSETTY LAKSHMI ANMISHA,9701914959,planmisha111@gmail.com
POTLURI LOKESH,9000381530,lokeshpotluri123@gmail.com
MADALA VENKATA SRAVYA,9398112898,
PRASANTHI GUNTUPALLI,9000569432,guntupalli.prasanthi6780@gmail.com
PULIPAKA VIDITH VARMA,,viditpulipaka@gmail.com
PUNNA EKNATH VAMSI,7981572147,
PUTTA SRAVANTHI,7075696941,sravanthichriny@gmail.com
RAGAM NARENDRA,,ragamnarendra1998@gmail.com
RAGULA RUPASI,9014704338,rupasairagula@gmail.com
RAJAVARAPU VAISHNAVI,8985876088,vaish898587@gmail.com
RAVURI SUDARSHAN,7382512059,sudarshanravuri444@gmail.com
RUDRA JAGADEESH,7093981940,jagadeeshrudra3366@gmail.com
SAAIHESWAR GAMIDI,7989564379,saaiheswar@gmail.com
SANGA PREETHI,9603345116,
SANGANA TEJASWINI,8886089747,mmouni352@gmail.com
SANKARAMANCHI RAMA CHANDRA HEMANTH,,
SANKE NIKITHA,8247688018,nikithatenali@gmail.com
SHAIK IRFAN,9347774467,skirfan3400309@gmail.com
SHAIK NEELOFAR,8919414286,neelunni8a@gmail.com
SHAIK RUBEENA,7207727983,
SHAIK SHAHAN,9848921077,shaik.shahan4403ms@gmail.com
SHAIK SOHAL REHMAN,9182923490,rehmanshaik219@gmail.com
SIRIMALLE KOTESWARARAO,7032106846,koteswararaosirimalle912@gmail.com
SOLA JAYASREE GANGA SIVA MALLIKA,7981871693,sjsgsmallika24@gmail.com
SRAVANI DIYYALA,7989378191,sravanidiyyala5@gmail.com
SRUJITHA YERUVA,9848697980,srujithareddy14@gmail.com
SUDARSANAM JAYA PRAKASH,9059917357,jayaprakash.sudarsanam@gmail.com
SUGGULA RISHIKANTH,9490903829,suggalarishikanth@gmail.com
SUNKARA SRI MEENAKSHI,8500065305,sunkarasrimeenakshi@gmail.com
SURE HARIKA,8790714324,harika.sure3@gmail.com
TAGORE CHANDRA LEKHA,,
TAMIRISA KRISHNA CHAITHANYA,,krishna.tamirisa1842000@gmail.com
TAMMA KEERTHANA REDDY,9494034368,keerathana599@gmail.com
TATIKONDA TANDAVA KRISHNA,7989755417,tandavakrishna12@gmail.com
THALLAPRAGADA CHANDRA MANASA,9394787968,thallapragada.manasa1999@gmail.com
THOKALA SRIKANTH,9703010119,
THOMMANDRU RAM SANTHOSH,8019010899,ramu3317@gmail.com
THOTA YASASWINI,7702332204,yasaswini1111@gmail.com
THOTTEMPUDI BALA CHANDRIKA,9618540657,hepzibah171216@gmail.com
TUNUGUNTLA NAGA ANASURYA JWALITHA,9014304304,tjwalitha@gmail.com
TURAILA SUSMITHA,9642398120,saicharanadapa888@gmail.com
VALETI RAMYA,9000975262,ramyavaleti@gmail.com
VALVAPURAPU TEJASWINI,9959013764,raviv1094@gmail.com
VANDHANA KUNCHAPU,8500381009,vandhana.kunchapu@gmail.com
VASIREDDY TEJASWINI,7981864543,vasireddytejaswini.422@gmail.com
VASIREDDY VIVEK CHOWDARY,9392321111,vickyvasireddy0000@gmail.com
VEERANKI NAGA PHANI,9000440180,veerankinagaphani@gmail.com
VEMULA KRISHNATEJA,9494463629,kerishna.vemula28@gmail.com
VEMULA PRASANNA LAKSHMI,9121618809,vprasanna937@gmail.com
VEMURI SRAVANYA,7330633826,sravanyavemuri1999@gmail.com
VOLETI DAKSHAYANI,,
YARRAMASU NAVEEN KUMAR,9553809581,naveenyarramasu@gmail.com
YASWANTH THOTA,8341059866,yaashuthotanaidu.y2k@gmail.com
YEMINENI SARVANI,8522040891,sarvaniy99@gmail.com
YENUGULA SIVA KANAKA BHANODHAY,7997877879,bhanodhyyenugula@gmail.com
TIRUMALASETTY REVATHI,9182012407,revathitirumalasetty6@gmail.com
CHITTIMOTHULA DURGA BHAVANI,7702052509,chittimothuladurgabhavani@gmail.com
AKIFULLAH KHAN,8309302351,akwfullakhan@gmail.com
AKISETTY BHASKAR VIVEKANANDA,8978804900,bhaskar.nanda@gmail.com
AKSHAYA SATARAJUPALLI,7793993914,srp.akshaya@gmail.com
ANANGI KRISHNA TEJA,9010561998,bunnykrishnateja@gmail.com
ANUMALA DIVYA,9246172224,anumaladivya098@gmail.com
ANUSHA KURRA,,anushakurra77@gmail.com
ARDHALA SRAVANI,9505906413,sravani1ardhala@gmail.com
BAIRISETTI VISHWAKSEN,9490836732,vishwaksenbairisetti@gamil.com
BALA CHAITANYA SREE MALLAVARAPU,9493239982,chaitanyasree.mallavarapu99@gmail.com
BANAVATH ANUSHA,,banavathanusha512@gmail.com
BAPANAPALLI HEMANTH,8096153486,bapanapallihemanth22@gmail.com
BAPANAPALLI JYOTHSNA,9000946396,bapanapalli.jyothsna@gmail.com
BATHINA GEETHASRI,9515204085,geethasribathina@gmail.com
BATHURI AYYAPPA,9948099522,ayyappabathuri@gmail.com
BATTINENI SUDEEP,7382139889,bannu996@gmail.com
BHASHYAM MOHAN KRISHNA,7901463612,bhashyammohan113@gmail.com
BHIMAVARAPU SRAVYA PRANATI,9848428747,sravyapranathi333@gmail.com
BILLA GOVARDHAN,7660075688,govrdhanbilla521@gmail.com
BOMIREDDY SRILAKSHMI,9989541207,srilakshmibomireddy@gmail.com
BONKURI BHAVANI PRASAD,7799391124,bhavaniprasadbonkuri99@gmail.com
BULUSUPALLI LEELA SAI KUMARI,9704076638,leelasai112@gmail.com
CHADALAWADA SRIDEVI,7416181700,chsridevi78@gmail.com
CHAKRAVARAM NIRANJAN RAJU,9949747216,niranjanraju527@gmail.com
CHALLA LAKSHMA REDDY,9959509358,challalakshmareddy99@gmail.com
CHANDIKA TULASI KRISHNA,9701591203,krishna.chandika99@gmail.com
CHANDU BHARGAVI,,bhargavichandu99@gmail.com
CHENNAMRAJU GANGA NIKITHA,9676292049,chennamrajugn99@gmail.com
CHERUKURI MANJULATHA,9618136456,lathacherukuri345@gmail.com
CHILAKA RAVI TEJA,9848936520,chilakaruti@gmail.com
CHOKKAPU SUSMITA,9441305909,susmithach1999@gmail.com
CHOWDARY SURENDERRAO RAVINDER NATH,,ravinderanathchowdary1999@gmail.com
CHUKKA SAI MAHESH,9032669874,chukkasaimahesh@gmail.com
DANABOINA SUMA,,danaboinasuma538@gmail.com
DANDE DIMPLE SRAVANI,9550858400,dimplesravanidande@gmail.com
DANTU VEENA MADHURI,8333935565,madhuriveena908@gmail.com
DASARI ANITHA,9989035863,dasarianitha1998@gmail.com
DASARI DEVA HARSHA,9652392431,devaharsh1609@GMAIL.COM
DASARI MOHANA PRABHA,9010086594,mohanaprabha9@GMAIL.COM
DASARI RACHANA KRISHNA,9959968236,rachanakrishna.dasari123@gmail.com
DESU RAHITYA LAKSHMI,8032920574,lakshmi18desu@GMAIL.COM
DHANEKULA MAHESH BABU,8096498273,dhanekula.maheshbabu5@gmail.com
DOPPALAPUDI ANUSHA,9063961333,anushacherry548@gmail.com
DOPPALAPUDI SAHITHI,7330610221,praisydoppalapudi123@gmail.com
EVURI DHANANJAY REDDY,9951086447,dhananjayevuri98@gmail.com
GADAMSETTY BHAVYA TEJASWI,9676996869,bhavyagadamsetty98@gmail.com
GADIPARTHI VENKATESH,8374721329,venkatesh.gadiparthi.gv@gmail.com
GANJIMALA NAVEEN,8886888032,ganjimala144@gmail.com
GARIKIPARTHI NAGA SAI HARTHIK,8333028659,nagasaiharthik@gmail.com
GATTINENI BHAVANI,9010628799,gattinenibhavani1896@gmail.com
GAYATHRI KANCHETI,9154566676,gayathrikancheti99@gmail.com
GEDELA NAGA THRIPURA SAI SREE,9440214569,saisree.g.rrns@gmail.com
GIRIJALA PAVAN VIJAY BHASKAR,9059760170,pavan.girijala2308@gmail.com
GODI LAKSHMI VASANTHI,9502543131,lakshmivasanthi1999@gmail.com
MADDINENI SNEHANKITHA,9494009565,snehankithamaddineni79@gmail.com
GOGULAPATI PRIYANKA,9618947871,priyankagogulapati@gmail.com
GOLLA VARA LAKSHMI,9491583240,varalakshmi7087@gmail.com
GOLLAPALLI JEEVITHA,9440448722,jeevithajessy7766@gmail.com
GONUGUNTLA V L  JAYA SREE,9441128532,gvljayasree99@gmail.com
GUDDANTI RAMYASRI,7416753043,ramyasr0703@gmail.com
GUNTI GAWIN HARVEY,9490366277,gawinharvey15@gmail.com
GUNTUPALLI DHEERAJ,8686073929,dheerajguntapalli@gmail.com
GUNTUPALLI KOUSHIK MANIKANTA,9533495578,guntupallikoushik1999@gmail.com
GUNTUPALLII ARAVIND,9441830985,guntupalli7985@gmail.com
GURRAM GNANA KOUSIK,9498011238,kowshikgurram041@gmail.com
GURRAM RAM LIKITH CHOWDARY,9553111179,famlikith3303@gmail.com
HARI PRAKASH DANDA,9490639815,hariprakashdanda@gmail.com
I CHANDANA,8978959260,chandanainkollu13@gmail.com
JAGARLAMUDI SRILATHA,9848623346,isrilatha6399@gmail.com
JAMMIGUMPULA NEEHARIKASAITEJASWI,9177888478,tejaswi2599@gmail.com
JAMMULA GREESHMA SAI,9505862169,greeshmasai.jammula98@gmail.com
JAVVAJI VENKATA SAI SUMANTH,9949883348,saisumanth532@gmail.com
JAYA SREE BAIREDDY,9866458048,jayabaireddy.714@gmail.com
JAYAVARAPU SAI GAYATRI,9491218777,gayathrisai9@gmail.com
JETTI AKHIL,8897984337,akhiljetti836@gmail.com
JIDUGU CHANDRASIVANAGAKALYANKUMAR,9985524311,kalyankumarjidugu99@gmail.com
JILUGU SHARMILA SUPRIYA,8465077662,supriyaglower@gmail.com
JYOTHI MANASWI BODA,7702879887,joyjoythi29@gmail.com
KALLAKUNTA HEMANTH KUMAR,9963890695,hemanthkallakunta123@gmail.com
KALLI NAVYASRI,8074264526,navyasrik1908@gmail.com
KANATHALA MANASA,8500644757,kmanasa369@gmail.com
KANCHI PRATHYUSHA,7416672430,prathyushakp99@gmail.com
KANNEGANTI SAI PRIYA,9705895327,smilysaipriya.k@gmail.com
KANTETI SHARON PUSHPA,9866339019,sharonkanteti@gmail.com
KAVURI HARINATH,9652763269,harinath.kavuri@gmail.com
KAVURU SARATH CHANDRA SAI,9949478348,sarathc225@gamil.com
KEERTHIPATI KEERTHI,7680862621,keerthikeerthipati21@gmail.com
KOGANTI BHAVYA,9182348609,kogantibhavya456@gmail.com
KOLASANI SAI LIKHITHA,8555974388,likichowdary99@gmail.com
KOLLA NIKHITHA,9573144334,nikhitha.kolla99@gmail.com
KOLLI ROHITH,9290196533,rohithprince@gmail.com
KOMMALAPATI BHAVYA SRI,9959934318,NULL@GMAIL.COM
KOMMINENI AMARNADH,9533114114,amarnadhkommineni7311998@gmail.com
KONATHAM HEPSI ANILA,9063458933,hepsikonatham@gmail.com
KORNE GOPI,7995379238,gopikorne666@gmail.com
KOTA MANICHANDRA,9703116484,manichowdary@gmail.com
KOTCHERA KRETSCHMAR,7730051833,tillu.kotchera25@gmail.com
KOTHAPALLI SWATHI,8142606022,swathikothapalli169@gmail.com
KOUSHIK AVULA,9493841773,koushika64@gmail.com
KUCHIPUDI MANISHA,9703203708,manisha.kuchipudi22@gmail.com
KUPPA SRIVALLI,8309440273,hamsavazra@gmail.com
KUPPAM CHARITHA SRI,9948028388,cherryrupa16@gmail.com
LAKSHMISETTY CHANDANA PRIYA,9666137803,chandanapriyal@gmail.com
LAM SRI  PRAVALLIKA,8374949250,sripravallika.l@gmail.com
LIKHITHA CHOWDARY GOTTIPATI,9493600879,likitha1305@gmail.com
LINGAM SIRISHA,9397322525,lingamsriharsha013@gmail.com
MADDALA ABHIVARSHINI,7981775389,abhivarshini.m@gmail.com
MADDIGUNTA PRANATHI SAI,9985224384,kanugulamolle@gmail.com
MALISETTY AKHIL SAI,9581316223,akhilmalisetty888@gmail.com
MAMILLAPALLI MANASA,9490374426,mamillapalli34@gmail.com
MANDALA MANU KOUSHIK REDDY,8686073929,manukoushik1999.mkr@gmail.com
MANNAVA RAVITEJA,9989142200,mannavaravijeja@gmail.com
MANNAVA VEENA,9959538768,veenamannva123@gmail.com
MANUKONDA SAI SATWIKA,9908740799,sathwikamanukonda@gmail.com
MANUKONDA SAISUDHANVI,7382643253,sudhanvimanukonda@gmail.com
MARAKA SHANMUKHA SRI KRISHNA,9533953377,kanna00775@gmail.com
MARY HIMA PREETHI SANKURU,9603822717,himapreethi2495@gmail.com
MEDA BAJI,,baji.meda567@gmail.com
MEDA PRAVALLIKA LAKSHMI BHRAMARAMBA,7386024199,medapravallika10@gmail.com
MENIKONDA HAREESH,7093128030,hareeshchowdary6698@gmail.com
MENTHEM BHARGAVAREDDY,9491553784,bhargavmenthem@gmail.com
MIKKILI RAM DHEERAJ,9493432161,ramdheerajm@gmail.com
MODUGULA VENKATA RAMI REDDY,8309075334,sunnymodugula@gmail.com
MOHAMMAD PARDAZ BANU,9246457479,princesspardazbanu@gmail.com
MOPARTHI SHARON SWARNA LATHA,8143451649,sharonmoparthimssl@gmail.com
MUMMANENI NIKHIL,8886661369,nikhilmummaneni7675@gmail.com
MUNIPALLI CHAITANYA SAI CHAKRAVARTHI,9490258874,saichakri98@gmail.com
MUPPALLA RAMANJANEYA SIVA SAI V REVANTH,,mrssvrevanth@gmail.com
NAGALLA LOHITH,9959117755,lohith.nagalla@gmail.com
NANDIGAMA YASWANTH GOPI KRISHNA,9063230662,nandigama.yaswanth123@gmail.com
NANNEPAGA RAMYAJYOTHI,8555964516,ramyanannepaga@gmail.com
NAVEEN VARDHAN RUDRAPATI,9603343488,naveen.rudrapati1997@gmail.com
NEELAM SUREKHA,8790653061,surekhaneelam123@gmail.com
NEERUKONDA JITENDRA,9705851863,jitendraneerukonda@gmail.com
NELLURI SAI VINAY,7306873824,saiheiscrazy@gmail.com
NENAVATHU ESWAR NAIK,7780340663,eswarnaik220@gmail.com
NUTHAKKI VINUTHNA,8179623438,nuthakki.vinuthna@gmail.com
NUTHALAPATI PREETHI,9704661193,preethinuthalapati13@gmail.com
PADARTHI MAHEEJA,9963639384,padarthimaheeja@gmail.com
 PUSHPA LATHA  PADAVALA,9390866669,pushpalatha.padavala@gmail.com
PADINAM PRIYANKA,7995297080,padinampriya@gmail.com
PALAPARTHI SOBHA,7286911899,sobhapalaparthi@gmail.com
PALLE SANKEERTHANA,9642028556,pallesankeerthana947@gmail.com
PALLE SUPRIYA,9000328601,pallesupriya737@gmail.com
PALUKURI SRI RAM,8374130774,palukurisriram2@gmail.com
PAMARTHI SIVA SAI TEJA,9505358477,
PASUMARTHI LALITHA S S V RATNAM,8639832351,p.lalitha3113@gmail.com
PASUPULETI SASANK,8639737930,pasupuletisashank@gmail.com
PATHURI RAHUL KUMAR,9652633777,rahulpathuri3@gmail.com
PAVULURI ARAVIND,9985913039,pavuluriaravind1@gmail.com
PAYYAVULA VENKATA NAGA MALLESWARA RAO,9581851944,vnmalleswar.payyavula@gmail.com
PENIGANDLA VENKATA NAGASAI RAKESH KUMAR,9642176570,penigandlarakeshkumar@gmail.com
PIDUGURALLA RAGHUVEER PRAPULLA,7032051959,raghuveerprapulla@gmail.com
PILLI BALA VISWANADH,9490071167,drbala3@gmail.com
PISIPATI CHINMAI,7287908609,email2chinmai@gmail.com
PITCHUKA SWATHI,9030993309,swathi23699@gmail.com
PODILE TEJASWINI,9603932965,tejaswini.podili@gmail.com
POLA LALITHA PRIYANKA,8500525384,lalithapriyankapola@gmail.com
POLISETTI LAKSHMI SRAVANI,8985550636,p.l.sras2468@gmail.com
POPURI VYSHNAVI,9010587502,vyshnavipopuri13@gmail.com
PUTHUMBAKA NAGA SIDHARDHA ,9490071445,sidhardha218@gmail.com
PUTTI UMESH,7036044076,pnumesh01@gmail.com
RACHAGUNDLA KRISHNA VAMSI,9951702436,krishnavamsiprince64@gmail.com
RACHAMALLA BHARGAV,7013046191,bhargavrachamalla98@gmail.com
RAJA LAKSHMI KAMALINI PONNURU,9550864509,kamalini.ponnuru11@gmail.com
RAJANENI MANASA,8074015557,manasarajaneni0@gmail.com
RAMARAJU VEERESWARA KEDAR,9618207061,kedarramaraju36@gmail.com
RAVURI SAHIL,9885336133,sahilr41@gmail.com
REDDYBATHUNI GNANA SREEKAR,9440466055,gnanasreekar@gmail.com
RUCHETHA KANYADARI,9492050447,kanyadari.ruchetha@gmail.com
RUJULA MALINENI,9000345299,malinenirujula@yahoo.com
RUPAVATH JAGAPATHIBABU NAIK,,rupavathjagapathi333@gmail.com
SAI KRISHNA G S,9494423151,saikrishnags05@gmail.com
SAI SRI KONGARA,7993895502,saisrikongara98@gmail.com
SAI SUDHA NANDIPATI,9052999356,saisudhanandipati.99@gmail.com
SAKHAMURI NAVA CHAITANYA,9440682146,sakhamurinavachaitanya@gmail.com
SANI CHIRANJEEVI,8106398723,chirutha24011999@gmail.com
SHAIK HUSNETANVEER,9848154739,tanveershaik772@gmail.com
SHAIK MANISHA,9491695546,saaikmanisha9870@gmail.com
SHAIK MAZAHAR,8106434419,sk.mazahar99@gmail.com
SHAIK MEER HUSSAIN,9494557135,meerhussain786786@gmail.com
SHAIK MOHAMMED AZAHAR,9573423237,azahargouse@gmail.com
SHAIK NADEEM UR RAHAMAN,9154845322,johnabraham65@yahoo.com
SHAIK NYAMTULLA,7995763973,nyamtullashaik11@gmail.com
SHAIK SAMEER,9030233370,smartsameer3322@gmail.com
SHAIK SHASHIMA,9989964148,shashima.shaik786@gmail.com
SHAIK SIRAZ,9154666409,shaiksiraz709@gmail.com
SHAIK SIRAZUDDIN,9573621783,sirazshaik1@gmail.com
SHAIK VAFIYA,7330930220,vafi005@gmail.com
SHAIKH MOHAMMED RAIYYAN,9441452177,mohammedraiyyan@gmail.com
SIRIGIRI VENKATESH,9160332230,sirigiriv14@gmail.com
SOWPATI SAI TEJA,8019952224,tejaswpati@gmail.com
SUDI SAI SIVA TEJA,9177075150,sudi.saisivateja@gmail.com
SURENDRA NADH SAI AVVARU,7207052753,avvarusurendranadhsai@gmail.com
SURYADEVARA INDIRA NIHARIKA,9666203327,suryadevaraindira@gmail.com
SYED NASAR VALI,9949275477,syed.nasarvalli7@gmail.com
TAKKELLAPATI RAJASEKHAR REDDY,8179856098,rajashekarreddy0123456@gmail.com
TAMMA DEVENDAR REDDY,9676217318,dev.reddy765@gmail.com
TAMMA HANEESHA REDDY,9177434859,haneesha1370@gmail.com
TANNERU MURALI,9885161751,tanneru.murali@gmail.com
THAMALAPAKULA HEPSIBA,9908263611,hepsibatamalapakula@gmail.com
THOKA LAKSHMI SOWJANYA,9494552454,lakshmisowjanya7282@gmail.com
TIRUVEEDHULA NAVYA DEEPTHI,8121164092,navyadeepthit4@gmail.com
TOKALA NAVYA,9030472747,navyatokala1998@gmail.com
ULLIGADDALA VENKATESWARLU,8985899086,venkyulligadala@gmail.com
UPPALA LOKESH,6281015609,lokeshchowdary22222@gmail.com
UTLA LALITHA NAGA SUPRAJA,9494020044,ulnsupraja99@gmail.com
VANGA PAVANI PRANEETHA,8121223973,vangapavanipraneetha@gmail.com
VANGALA NAGA PRAGATHI,7702622106,vangalanagapragath@gmail.com
VANKAYALAPATI VENKATA KOTI SRI LAKSHMI,8374063126,srilakshmi3632@gmail.com
VARANASI TARUN SAI,8179050390,tarunsaivaranasi1999@gmail.com
VATTIKUNTA SRINADH,9177618550,srinadhvattikunta@gmail.com
VEDULLAPALLI UDAYA BHANU,7032206561,vedullapalliuday@gmail.com
VELIVELLI ARUNKANTH,9985871590,velivelliarunkanth@gmail.com
VEMULA NAVEEN BABU,9490610906,naveedhoni5005@gmail.com
VEMURI LAKSHMINARAYANA ADITYA,9493448015,adi2248425@gmail.com
VUGGAM VENKATA RATNAM,9490644208,vratnam96@gmail.com
VUNNAVA MANOGNA,8179888451,manogna.vunnava2@gmail.com
VUYYURU SRILEKHA,9966820176,srilekha2911@gmail.com
YADLAPALLI ESWARA SUVARCHALA AKHILA,7893900184,y.e.s.akhila@gmail.com
YALAMANCHI TEJASWI,9494659306,yalamanchitejaswi@gmail.com
YARRAMREDDY THANUJA,7386838762,tanujachowdary123@gmail.com
YARRAMSETTI HIMA BINDU,7673981076,yarramsettihimabindu@gmail.com
YENNUBARLA VENNELA,9032208844,vennela.y98@gmail.com
KONANKI NAGA RAJU,8247530892,nagarajukonanki777@gmail.co
KOUTHAVARAPU SATYA PRASANTHI,8186925232,prasnthikowthavarapu97@gmail.com
SEELAM VENKATA REDDY,9666034651,venkatmbts43@gmail.com
KORITALA SHANMUKH,9494152118,shanmukhkoritala1997@gmail.com